{"1": 0.8827037191233024, "2": 0.7343898191415275, "3": 0.7381318405790029, "4": 0.7205503528282652, "5": 0.6610824317811042, "6": 1.0310575239615287, "7": 0.5103266056121922, "8": 0.5324288790904111}