{"1": 1.9630180737644691, "2": 1.438680875200429, "3": 1.544823113758184, "4": 1.3515477151251873, "5": 1.4865969203729046, "6": 1.5911656977585307, "7": 1.4985583169594485, "8": 1.4208909986336609}